Nodo, n11 [V], 10.0
Nodo, n22 [V], 2.7739580897282936
Nodo, n23 [V], 1.4965622807554642
Nodo, n32 [V], 0.0
Nodo, n33 [V], 1.277395808972829
